﻿<XtraSerializer version="1.0" application="TileControl">
  <property name="Groups" iskey="true" value="1">
    <property name="Item1" isnull="true" iskey="true">
      <property name="Items" iskey="true" value="4">
        <property name="Item1" isnull="true" iskey="true">
          <property name="Name">tileItem17</property>
          <property name="Id">0</property>
          <property name="CurrentFrameIndex">0</property>
          <property name="Elements" iskey="true" value="1">
            <property name="Item1" isnull="true" iskey="true">
              <property name="Text" />
            </property>
          </property>
          <property name="FrameAnimationInterval">3000</property>
          <property name="Frames" iskey="true" value="0" />
          <property name="ItemSize">Medium</property>
        </property>
        <property name="Item2" isnull="true" iskey="true">
          <property name="Name">tileItem18</property>
          <property name="Id">1</property>
          <property name="CurrentFrameIndex">0</property>
          <property name="Elements" iskey="true" value="1">
            <property name="Item1" isnull="true" iskey="true">
              <property name="Text" />
            </property>
          </property>
          <property name="FrameAnimationInterval">3000</property>
          <property name="Frames" iskey="true" value="0" />
          <property name="ItemSize">Medium</property>
        </property>
        <property name="Item3" isnull="true" iskey="true">
          <property name="Name">tileItem19</property>
          <property name="Id">2</property>
          <property name="CurrentFrameIndex">0</property>
          <property name="Elements" iskey="true" value="1">
            <property name="Item1" isnull="true" iskey="true">
              <property name="Text" />
            </property>
          </property>
          <property name="FrameAnimationInterval">3000</property>
          <property name="Frames" iskey="true" value="0" />
          <property name="ItemSize">Medium</property>
        </property>
        <property name="Item4" isnull="true" iskey="true">
          <property name="Name">tileItem20</property>
          <property name="Id">3</property>
          <property name="CurrentFrameIndex">0</property>
          <property name="Elements" iskey="true" value="1">
            <property name="Item1" isnull="true" iskey="true">
              <property name="Text" />
            </property>
          </property>
          <property name="FrameAnimationInterval">3000</property>
          <property name="Frames" iskey="true" value="0" />
          <property name="ItemSize">Medium</property>
        </property>
      </property>
      <property name="Name">tileGroup4</property>
      <property name="Text" />
      <property name="Visible">true</property>
    </property>
  </property>
</XtraSerializer>