﻿<XtraSerializer version="1.0" application="TileControl">
  <property name="Groups" iskey="true" value="1">
    <property name="Item1" isnull="true" iskey="true">
      <property name="Items" iskey="true" value="3">
        <property name="Item1" isnull="true" iskey="true">
          <property name="Name">tileItem28</property>
          <property name="Id">0</property>
          <property name="CurrentFrameIndex">0</property>
          <property name="Elements" iskey="true" value="1">
            <property name="Item1" isnull="true" iskey="true">
              <property name="Text" />
            </property>
          </property>
          <property name="FrameAnimationInterval">3000</property>
          <property name="Frames" iskey="true" value="0" />
          <property name="ItemSize">Medium</property>
        </property>
        <property name="Item2" isnull="true" iskey="true">
          <property name="Name">tileItem29</property>
          <property name="Id">5</property>
          <property name="CurrentFrameIndex">0</property>
          <property name="Elements" iskey="true" value="1">
            <property name="Item1" isnull="true" iskey="true">
              <property name="Text" />
            </property>
          </property>
          <property name="FrameAnimationInterval">3000</property>
          <property name="Frames" iskey="true" value="0" />
          <property name="ItemSize">Medium</property>
        </property>
        <property name="Item3" isnull="true" iskey="true">
          <property name="Name">tileItem30</property>
          <property name="Id">6</property>
          <property name="CurrentFrameIndex">0</property>
          <property name="Elements" iskey="true" value="1">
            <property name="Item1" isnull="true" iskey="true">
              <property name="Text" />
            </property>
          </property>
          <property name="FrameAnimationInterval">3000</property>
          <property name="Frames" iskey="true" value="0" />
          <property name="ItemSize">Medium</property>
        </property>
      </property>
      <property name="Name">tileGroup7</property>
      <property name="Text" />
      <property name="Visible">true</property>
    </property>
  </property>
</XtraSerializer>